Austin,SamCraig,7/4/2015
Tyler,Austin,
Tyler,SamCraig,
Tyler 2,SamCraig,
Olivia,SamCraig,
Austin,SamCraig,
Austin,SamCraig,
Will,Tyler,7/11/2015
Tyler,Brian,8/20/2015
Kaighn,Brian,
Tyler,Kaighn,
Brian,Mehul,9/10/2015
Brian,Mehul,
Brian,Mehul,
Adil,Brian,
Adil,Keyur,9/15/2015
Adil,Keyur,
Adil,Keyur,
Adil,Keyur,
Adil,Keyur,
Brian,Mehul,10/8/2015
Brian,Mehul,
Mehul,Brian,
Keyur,Brian,
Mehul,Keyur,
Mehul,Keyur,
Brian,Keyur,
Keyur,Trey,
Brian,Trey,
Brian,Trey,
Will,Brian,
Mehul,Keyur,
Eddie,Brian,
Brian,Adil,
Adil,Lefko,
Adil,Brian,
Adil,Brian,
Adil,Brian,
Brian,Adil,
Adil,Mehul,10/24/2015
Mehul,Adil,
Adil,Mehul,
